Landscape,Site,Date,Transect,Survey.Method,Habitat.Type,Day.Night,Plot.ID,Observer,Time,Scientific.Name,Taxon.Rank,Speciment.ID,Family,Group1,Group2,SVL,TaL,Hor,Ver,Substrate,Activity,Photo.ID,Note
Kalimantan Barat,Gunung Raya,30-Aug-23,GR-BP,VES,Aquatic,Night,-,"RM, SEP, ABD",18:59,Chalcorana raniceps,Species,-,Ranidae,Amphibians,Frogs,3.7,,1,1.5,Daun,Diam,,
Kalimantan Barat,Gunung Raya,30-Aug-23,GR-BP,VES,Aquatic,Night,-,"RM, SEP, ABD",19:40,Limnonectes leporinus,Species,-,Dicroglossidae,Amphibians,Frogs,5.6,,0,0,Serasah,Diam,,Anakan
Kalimantan Barat,Gunung Raya,30-Aug-23,GR-BP,VES,Aquatic,Night,-,"RM, SEP, ABD",19:03,Tropidophorus beccarii,Species,-,Scincidae,Reptiles,Saurias,6.1,,0,0,Batu,Diam,,Batuan berlumut
Kalimantan Barat,Gunung Raya,30-Aug-23,GR-BP,VES,Aquatic,Night,-,"RM, SEP, ABD",19:37,Staurois guttatus,Species,-,Ranidae,Amphibians,Frogs,5,,0,1,Daun,Diam,,
Kalimantan Barat,Gunung Raya,30-Aug-23,GR-BP,VES,Aquatic,Night,-,"RM, SEP, ABD",18:30,Chalcorana raniceps,Species,-,Ranidae,Amphibians,Frogs,4.5,,0.5,1.5,Daun,Diam,,
Kalimantan Barat,Gunung Raya,30-Aug-23,GR-BP,VES,Aquatic,Night,-,"RM, SEP, ABD",18:37,Chalcorana raniceps,Species,-,Ranidae,Amphibians,Frogs,5.1,,0.5,1.5,Daun,Diam,,
Kalimantan Barat,Gunung Raya,30-Aug-23,GR-BP,VES,Aquatic,Night,-,"RM, SEP, ABD",19:13,Limnonectes kuhlii,Species,-,Dicroglossidae,Amphibians,Frogs,5,,0,0,Pasir,Diam,,
Kalimantan Barat,Gunung Raya,30-Aug-23,GR-BP,VES,Aquatic,Night,-,"RM, SEP, ABD",18:45,Chalcorana raniceps,Species,-,Ranidae,Amphibians,Frogs,4.8,,1,1,Akar,Diam,,
Kalimantan Barat,Gunung Raya,30-Aug-23,GR-BP,VES,Aquatic,Night,-,"RM, SEP, ABD",18:32,Chalcorana raniceps,Species,-,Ranidae,Amphibians,Frogs,4.2,,1,1,Akar,Lompat,,
Kalimantan Barat,Gunung Raya,30-Aug-23,GR-BP,VES,Aquatic,Night,-,"RM, SEP, ABD",20:17,Limnonectes ingeri,Species,-,Dicroglossidae,Amphibians,Frogs,4.98,,2,1.5,Tanah,Diam,,Ditemukan pada tebing
Kalimantan Barat,Gunung Raya,30-Aug-23,GR-BP,VES,Aquatic,Night,-,"RM, SEP, ABD",20:09,Polypedates colletti,Species,-,Rhacophoridae,Amphibians,Frogs,5.48,,1,2,Ranting,Diam,,
Kalimantan Barat,Gunung Raya,30-Aug-23,GR-BP,VES,Aquatic,Night,-,"RM, SEP, ABD",19:55,Polypedates macrotis,Species,-,Rhacophoridae,Amphibians,Frogs,7.4,,3,2,Ranting,Diam,,
Kalimantan Barat,Gunung Raya,30-Aug-23,GR-BP,VES,Aquatic,Night,-,"RM, SEP, ABD",20:50,Chalcorana raniceps,Species,-,Ranidae,Amphibians,Frogs,2.8,,1,1,Daun,Diam,,
Kalimantan Barat,Gunung Raya,30-Aug-23,GR-BP,VES,Aquatic,Night,-,"RM, SEP, ABD",21:20,Kalophrynus meizon,Species,-,Microhylidae,Amphibians,Frogs,4.67,,0,0,Batu,Diam,,
Kalimantan Barat,Gunung Raya,30-Aug-23,GR-BP,VES,Aquatic,Night,-,"RM, SEP, ABD",18:18,Chalcorana raniceps,Species,-,Ranidae,Amphibians,Frogs,3.83,,1,2,Daun,Diam,,
Kalimantan Barat,Gunung Raya,30-Aug-23,GR-BP,VES,Aquatic,Night,-,"RM, SEP, ABD",18:31,Limnonectes ingeri,Species,-,Dicroglossidae,Amphibians,Frogs,5.46,,0,0,Pasir,Diam,,
Kalimantan Barat,Gunung Raya,30-Aug-23,GR-BP,VES,Aquatic,Night,-,"RM, SEP, ABD",18:30,Pelobatrachus nasutus,Species,-,Megophryidae,Amphibians,Frogs,7.7,,1,1,Batu,Bersuara,,
Kalimantan Barat,Gunung Raya,30-Aug-23,GR-BP,VES,Aquatic,Night,-,"RM, SEP, ABD",19:33,Chalcorana raniceps,Species,-,Ranidae,Amphibians,Frogs,1.6,,1,1,Daun,Diam,,
Kalimantan Barat,Gunung Raya,30-Aug-23,GR-BP,VES,Aquatic,Night,-,"RM, SEP, ABD",19:33,Pulchrana baramica,Species,-,Ranidae,Amphibians,Frogs,5.4,,1,1,Kayu tumbang,Diam,,
Kalimantan Barat,Gunung Raya,30-Aug-23,GR-BP,VES,Aquatic,Night,-,"RM, SEP, ABD",19:40,Staurois guttatus,Species,-,Ranidae,Amphibians,Frogs,1.64,,1,1,Daun,Diam,,
Kalimantan Barat,Gunung Raya,30-Aug-23,GR-BP,VES,Aquatic,Night,-,"RM, SEP, ABD",19:40,Staurois guttatus,Species,-,Ranidae,Amphibians,Frogs,2.5,,1,1,Daun,Diam,,
Kalimantan Barat,Gunung Raya,30-Aug-23,GR-BP,VES,Aquatic,Night,-,"RM, SEP, ABD",19:41,Staurois guttatus,Species,-,Ranidae,Amphibians,Frogs,1.5,,1,1,Daun,Diam,,
Kalimantan Barat,Gunung Raya,30-Aug-23,GR-BP,VES,Aquatic,Night,-,"RM, SEP, ABD",19:47,Tropidolaemus subannulatus,Species,-,Viperidae,Reptiles,Snakes,,,0,2.5,Ranting,Diam,,
Kalimantan Barat,Gunung Raya,30-Aug-23,GR-BP,VES,Aquatic,Night,-,"RM, SEP, ABD",19:54,Pulchrana baramica,Species,-,Ranidae,Amphibians,Frogs,,,1,1,Akar,Lompat,,
Kalimantan Barat,Gunung Raya,30-Aug-23,GR-BP,VES,Aquatic,Night,-,"RM, SEP, ABD",19:54,Limnonectes kuhlii,Species,-,Dicroglossidae,Amphibians,Frogs,3.1,,0,0,Pasir,Diam,,
Kalimantan Barat,Gunung Raya,30-Aug-23,GR-BP,VES,Aquatic,Night,-,"RM, SEP, ABD",20:00,Chalcorana raniceps,Species,-,Ranidae,Amphibians,Frogs,3.3,,1,1,Daun,Diam,,
Kalimantan Barat,Gunung Raya,30-Aug-23,GR-BP,VES,Aquatic,Night,-,"RM, SEP, ABD",20:05,Chalcorana raniceps,Species,-,Ranidae,Amphibians,Frogs,3.4,,1,1,Daun,Diam,,
Kalimantan Barat,Gunung Raya,30-Aug-23,GR-BP,VES,Aquatic,Night,-,"RM, SEP, ABD",20:11,Chalcorana raniceps,Species,-,Ranidae,Amphibians,Frogs,,,1,2,Daun,Lompat,,Tidak tertangkap
Kalimantan Barat,Gunung Raya,30-Aug-23,GR-BP,VES,Aquatic,Night,-,"RM, SEP, ABD",20:16,Xenochrophis trianguligerus,Species,-,Colubridae,Reptiles,Snakes,,,0,0,Batu,Diam,,
Kalimantan Barat,Gunung Raya,30-Aug-23,GR-BP,VES,Aquatic,Night,-,"RM, SEP, ABD",20:17,Rhacophorus pardalis,Species,-,Rhacophoridae,Amphibians,Frogs,4.4,,2,2.5,Ranting,Diam,,
Kalimantan Barat,Gunung Raya,30-Aug-23,GR-BP,VES,Aquatic,Night,-,"RM, SEP, ABD",20:21,Polypedates macrotis,Species,-,Rhacophoridae,Amphibians,Frogs,,,1,2,Ranting,Lompat,,Tidak tertangkap
Kalimantan Barat,Gunung Raya,30-Aug-23,GR-BP,VES,Aquatic,Night,-,"RM, SEP, ABD",20:21,Boiga drapiezii,Species,-,Colubridae,Reptiles,Snakes,,,4,3,Ranting,Diam,,Ditemukan pada tebing
Kalimantan Barat,Gunung Raya,30-Aug-23,GR-BP,VES,Aquatic,Night,-,"RM, SEP, ABD",20:23,Chalcorana raniceps,Species,-,Ranidae,Amphibians,Frogs,3.3,,1,1,Daun,Diam,,
Kalimantan Barat,Gunung Raya,30-Aug-23,GR-BP,VES,Aquatic,Night,-,"RM, SEP, ABD",20:39,Ptyas fusca,Species,-,Colubridae,Reptiles,Snakes,,,6,2,Ranting,Diam,,Ditemukan saat perpindahan jalur akuatik yang dipotong oleh air terjun pertama
Kalimantan Barat,Gunung Raya,30-Aug-23,GR-BP,VES,Aquatic,Night,-,"RM, SEP, ABD",20:45,Staurois guttatus,Species,-,Ranidae,Amphibians,Frogs,3.7,,1,1,Daun,Diam,,
Kalimantan Barat,Gunung Raya,30-Aug-23,GR-BP,VES,Aquatic,Night,-,"RM, SEP, ABD",20:16,Gonocephalus grandis,Species,-,Agamidae,Reptiles,Saurias,,,0,3,Ranting,Diam,,
Kalimantan Barat,Gunung Raya,30-Aug-23,GR-BP,VES,Aquatic,Night,-,"RM, SEP, ABD",21:33,Leptolalax cf dringi,Species,-,Megophryidae,Amphibians,Frogs,,,7,0,Serasah,Diam,,Ditemukan oleh Jarian
Kalimantan Barat,Gunung Raya,30-Aug-23,GR-BP,VES,Aquatic,Night,-,"RM, SEP, ABD",19:07,Chalcorana raniceps,Species,-,Ranidae,Amphibians,Frogs,,,1,1,Daun,Lompat,,
Kalimantan Barat,Gunung Raya,30-Aug-23,GR-BP,VES,Aquatic,Night,-,"RM, SEP, ABD",19:10,Chalcorana raniceps,Species,-,Ranidae,Amphibians,Frogs,,,0,1,Daun,Diam,,
Kalimantan Barat,Gunung Raya,30-Aug-23,GR-BP,VES,Aquatic,Night,-,"RM, SEP, ABD",19:14,Chalcorana raniceps,Species,-,Ranidae,Amphibians,Frogs,,,0,1,Daun,Diam,,
Kalimantan Barat,Gunung Raya,30-Aug-23,GR-BP,VES,Aquatic,Night,-,"RM, SEP, ABD",19:15,Chalcorana raniceps,Species,-,Ranidae,Amphibians,Frogs,,,0,1,Daun,Diam,,
Kalimantan Barat,Gunung Raya,30-Aug-23,GR-BP,VES,Aquatic,Night,-,"RM, SEP, ABD",19:18,Chalcorana raniceps,Species,-,Ranidae,Amphibians,Frogs,,,0,1,Daun,Diam,,
Kalimantan Barat,Gunung Raya,30-Aug-23,GR-BP,VES,Aquatic,Night,-,"RM, SEP, ABD",19:19,Chalcorana raniceps,Species,-,Ranidae,Amphibians,Frogs,,,0,1,Daun,Diam,,
Kalimantan Barat,Gunung Raya,30-Aug-23,GR-BP,VES,Aquatic,Night,-,"RM, SEP, ABD",19:19,Chalcorana raniceps,Species,-,Ranidae,Amphibians,Frogs,,,1,1,Daun,Diam,,
Kalimantan Barat,Gunung Raya,30-Aug-23,GR-BP,VES,Aquatic,Night,-,"RM, SEP, ABD",19:20,Chalcorana raniceps,Species,-,Ranidae,Amphibians,Frogs,,,1,0,Daun,Diam,,
Kalimantan Barat,Gunung Raya,30-Aug-23,GR-BP,VES,Aquatic,Night,-,"RM, SEP, ABD",19:20,Chalcorana raniceps,Species,-,Ranidae,Amphibians,Frogs,,,1,1,Daun,Diam,,
Kalimantan Barat,Gunung Raya,30-Aug-23,GR-BP,VES,Aquatic,Night,-,"RM, SEP, ABD",19:21,Xenochrophis trianguligerus,Species,-,Colubridae,Reptiles,Snakes,,,0,0.5,Ranting,Diam,,
Kalimantan Barat,Gunung Raya,30-Aug-23,GR-BP,VES,Aquatic,Night,-,"RM, SEP, ABD",19:29,Pulchrana baramica,Species,-,Ranidae,Amphibians,Frogs,4.5,,1,0,Akar,Diam,,
Kalimantan Barat,Gunung Raya,30-Aug-23,GR-BP,VES,Aquatic,Night,-,"RM, SEP, ABD",19:31,Pulchrana baramica,Species,-,Ranidae,Amphibians,Frogs,4.3,,2,0,Serasah,Diam,,
Kalimantan Barat,Gunung Raya,30-Aug-23,GR-BP,VES,Aquatic,Night,-,"RM, SEP, ABD",19:32,Pulchrana baramica,Species,-,Ranidae,Amphibians,Frogs,,,1,1,Serasah,Diam,,
Kalimantan Barat,Gunung Raya,30-Aug-23,GR-BP,VES,Aquatic,Night,-,"RM, SEP, ABD",20:46,Staurois guttatus,Species,-,Ranidae,Amphibians,Frogs,,,1,1,Daun,Diam,,
Kalimantan Barat,Gunung Raya,30-Aug-23,GR-BP,VES,Aquatic,Night,-,"RM, SEP, ABD",20:46,Staurois guttatus,Species,-,Ranidae,Amphibians,Frogs,,,1,1,Daun,Diam,,
Kalimantan Barat,Gunung Raya,30-Aug-23,GR-BP,VES,Aquatic,Night,-,"RM, SEP, ABD",20:50,Staurois guttatus,Species,-,Ranidae,Amphibians,Frogs,,,2,1,Daun,Diam,,
Kalimantan Barat,Gunung Raya,30-Aug-23,GR-BP,VES,Aquatic,Night,-,"RM, SEP, ABD",20:54,Staurois guttatus,Species,-,Ranidae,Amphibians,Frogs,,,1,1,Daun,Diam,,
Kalimantan Barat,Gunung Raya,30-Aug-23,GR-BP,VES,Aquatic,Night,-,"RM, SEP, ABD",21:33,Gonocephalus liogaster,Species,-,Agamidae,Reptiles,Saurias,,,4,2,Ranting,Tidur,,
Kalimantan Barat,Gunung Raya,30-Aug-23,GR-BP,VES,Aquatic,Night,-,"RM, SEP, ABD",20:56,Tropidophorus brookei,Species,-,Scincidae,Reptiles,Saurias,7.42,4.9,0,0,Batu,Diam,,
Kalimantan Barat,Gunung Raya,30-Aug-23,GR-BP,VES,Aquatic,Night,-,"RM, SEP, ABD",19:12,Tropidophorus brookei,Species,-,Scincidae,Reptiles,Saurias,,,0,0.5,Kayu tumbang,Diam,,
Kalimantan Barat,Gunung Raya,2-Sep-23,GR-BP,VES,Aquatic,Night,-,"RM, SEP, ABD",18:30,Limnonectes leporinus,Species,-,Dicroglossidae,Amphibians,Frogs,10.47,,2,0,Serasah,Diam,,Dimakan oleh pendamping
Kalimantan Barat,Gunung Raya,2-Sep-23,GR-BP,VES,Aquatic,Night,-,"RM, SEP, ABD",18:35,Ingerophrynus divergens,Species,-,Bufonidae,Amphibians,Frogs,2.6,,1,0,Serasah,Diam,,
Kalimantan Barat,Gunung Raya,2-Sep-23,GR-BP,VES,Aquatic,Night,-,"RM, SEP, ABD",18:36,Limnonectes kuhlii,Species,-,Dicroglossidae,Amphibians,Frogs,,,1,0,Serasah,Diam,,
Kalimantan Barat,Gunung Raya,2-Sep-23,GR-BP,VES,Aquatic,Night,-,"RM, SEP, ABD",18:37,Dogania subplana,Species,-,Trionychidae,Reptiles,Turtles,,,,,Air,Berenang,,"Ditemukan Bang Edy di aliran air sekitar camp, masih anakan"
Kalimantan Barat,Gunung Raya,2-Sep-23,GR-BP,VES,Aquatic,Night,-,"RM, SEP, ABD",18:37,Chalcorana raniceps,Species,-,Ranidae,Amphibians,Frogs,,,1,1,Daun,Diam,,
Kalimantan Barat,Gunung Raya,2-Sep-23,GR-BP,VES,Aquatic,Night,-,"RM, SEP, ABD",18:38,Limnonectes kuhlii,Species,-,Dicroglossidae,Amphibians,Frogs,,,1,0,Serasah,Diam,,
Kalimantan Barat,Gunung Raya,2-Sep-23,GR-BP,VES,Aquatic,Night,-,"RM, SEP, ABD",18:41,Pulchrana baramica,Species,-,Ranidae,Amphibians,Frogs,4.3,,1,0,Akar,Diam,,
Kalimantan Barat,Gunung Raya,2-Sep-23,GR-BP,VES,Aquatic,Night,-,"RM, SEP, ABD",18:43,Pulchrana baramica,Species,-,Ranidae,Amphibians,Frogs,4.4,,1,1,Tanah,Diam,,
Kalimantan Barat,Gunung Raya,2-Sep-23,GR-BP,VES,Aquatic,Night,-,"RM, SEP, ABD",18:45,Polypedates macrotis,Species,-,Rhacophoridae,Amphibians,Frogs,5.4,,3,2,Ranting,Diam,,
Kalimantan Barat,Gunung Raya,2-Sep-23,GR-BP,VES,Aquatic,Night,-,"RM, SEP, ABD",18:46,Enhydris enhydris,Species,-,Homalopsidae,Reptiles,Snakes,,,,,Pasir,Berenang,,Ditemukan Bang Udin  di aliran air sekitar camp
Kalimantan Barat,Gunung Raya,2-Sep-23,GR-BP,VES,Aquatic,Night,-,"RM, SEP, ABD",18:46,Chalcorana raniceps,Species,-,Ranidae,Amphibians,Frogs,2.9,,1,2,Daun,Diam,,
Kalimantan Barat,Gunung Raya,2-Sep-23,GR-BP,VES,Aquatic,Night,-,"RM, SEP, ABD",18:48,Pulchrana picturata,Species,-,Ranidae,Amphibians,Frogs,3.6,,2,0,Akar,Diam,,
Kalimantan Barat,Gunung Raya,2-Sep-23,GR-BP,VES,Aquatic,Night,-,"RM, SEP, ABD",18:48,Pulchrana baramica,Species,-,Ranidae,Amphibians,Frogs,4.2,,1,0,Akar,Diam,,
Kalimantan Barat,Gunung Raya,2-Sep-23,GR-BP,VES,Aquatic,Night,-,"RM, SEP, ABD",18:49,Chalcorana raniceps,Species,-,Ranidae,Amphibians,Frogs,2.9,,2,1,Daun,Diam,,
Kalimantan Barat,Gunung Raya,2-Sep-23,GR-BP,VES,Aquatic,Night,-,"RM, SEP, ABD",18:50,Limnonectes kuhlii,Species,-,Dicroglossidae,Amphibians,Frogs,3.4,,3,0,Serasah,Diam,,
Kalimantan Barat,Gunung Raya,2-Sep-23,GR-BP,VES,Aquatic,Night,-,"RM, SEP, ABD",18:53,Chalcorana raniceps,Species,-,Ranidae,Amphibians,Frogs,3.3,,4,2,Daun,Diam,,
Kalimantan Barat,Gunung Raya,2-Sep-23,GR-BP,VES,Aquatic,Night,-,"RM, SEP, ABD",18:58,Limnonectes kuhlii,Species,-,Dicroglossidae,Amphibians,Frogs,3.5,,3,0,Serasah,Diam,,
Kalimantan Barat,Gunung Raya,2-Sep-23,GR-BP,VES,Aquatic,Night,-,"RM, SEP, ABD",18:58,Chalcorana raniceps,Species,-,Ranidae,Amphibians,Frogs,2.9,,3,1,Daun,Diam,,
Kalimantan Barat,Gunung Raya,2-Sep-23,GR-BP,VES,Aquatic,Night,-,"RM, SEP, ABD",19:03,Chalcorana raniceps,Species,-,Ranidae,Amphibians,Frogs,2.8,,2,1,Daun,Diam,,
Kalimantan Barat,Gunung Raya,2-Sep-23,GR-BP,VES,Aquatic,Night,-,"RM, SEP, ABD",19:03,Chalcorana raniceps,Species,-,Ranidae,Amphibians,Frogs,2.7,,2,1,Daun,Diam,,
Kalimantan Barat,Gunung Raya,2-Sep-23,GR-BP,VES,Aquatic,Night,-,"RM, SEP, ABD",19:04,Limnonectes leporinus,Species,-,Dicroglossidae,Amphibians,Frogs,10.2,,5,1,Tanah,Diam,,
Kalimantan Barat,Gunung Raya,2-Sep-23,GR-BP,VES,Aquatic,Night,-,"RM, SEP, ABD",19:04,Limnonectes leporinus,Species,-,Dicroglossidae,Amphibians,Frogs,9.8,,5,1,Serasah,Diam,,
Kalimantan Barat,Gunung Raya,2-Sep-23,GR-BP,VES,Aquatic,Night,-,"RM, SEP, ABD",19:06,Pulchrana baramica,Species,-,Ranidae,Amphibians,Frogs,4.3,,3,1,Akar,Diam,,
Kalimantan Barat,Gunung Raya,2-Sep-23,GR-BP,VES,Aquatic,Night,-,"RM, SEP, ABD",19:08,Polypedates macrotis,Species,-,Rhacophoridae,Amphibians,Frogs,6.3,,5,2,Ranting,Diam,,
Kalimantan Barat,Gunung Raya,2-Sep-23,GR-BP,VES,Aquatic,Night,-,"RM, SEP, ABD",19:11,Polypedates macrotis,Species,-,Rhacophoridae,Amphibians,Frogs,5.9,,7,3,Ranting,Diam,,
Kalimantan Barat,Gunung Raya,2-Sep-23,GR-BP,VES,Aquatic,Night,-,"RM, SEP, ABD",19:12,Chalcorana raniceps,Species,-,Ranidae,Amphibians,Frogs,3.1,,4,1,Daun,Diam,,
Kalimantan Barat,Gunung Raya,2-Sep-23,GR-BP,VES,Aquatic,Night,-,"RM, SEP, ABD",19:12,Psammodynastes pictus,Species,-,Pseudaspididae,Reptiles,Snakes,,,1,0.5,Daun,Diam,,
Kalimantan Barat,Gunung Raya,2-Sep-23,GR-BP,VES,Aquatic,Night,-,"RM, SEP, ABD",19:14,Pulchrana baramica,Species,-,Ranidae,Amphibians,Frogs,,,1,1,Akar,Diam,,
Kalimantan Barat,Gunung Raya,2-Sep-23,GR-BP,VES,Aquatic,Night,-,"RM, SEP, ABD",19:14,Chalcorana raniceps,Species,-,Ranidae,Amphibians,Frogs,,,6,1,Daun,Diam,,
Kalimantan Barat,Gunung Raya,2-Sep-23,GR-BP,VES,Aquatic,Night,-,"RM, SEP, ABD",19:14,Homalopsis buccata,Species,-,Homalopsidae,Reptiles,Snakes,,,0,0,Air,Berenang,,
Kalimantan Barat,Gunung Raya,2-Sep-23,GR-BP,VES,Aquatic,Night,-,"RM, SEP, ABD",19:17,Polypedates macrotis,Species,-,Rhacophoridae,Amphibians,Frogs,,,5,2,Ranting,Diam,,
Kalimantan Barat,Gunung Raya,2-Sep-23,GR-BP,VES,Aquatic,Night,-,"RM, SEP, ABD",19:21,Limnonectes leporinus,Species,-,Dicroglossidae,Amphibians,Frogs,,,2,0,Serasah,Diam,,
Kalimantan Barat,Gunung Raya,2-Sep-23,GR-BP,VES,Aquatic,Night,-,"RM, SEP, ABD",19:28,Pulchrana baramica,Species,-,Ranidae,Amphibians,Frogs,,,2,1,Ranting,Diam,,
Kalimantan Barat,Gunung Raya,2-Sep-23,GR-BP,VES,Aquatic,Night,-,"RM, SEP, ABD",19:28,Limnonectes kuhlii,Species,-,Dicroglossidae,Amphibians,Frogs,,,1,0,Pasir,Diam,,
Kalimantan Barat,Gunung Raya,2-Sep-23,GR-BP,VES,Aquatic,Night,-,"RM, SEP, ABD",19:32,Pulchrana picturata,Species,-,Ranidae,Amphibians,Frogs,,,0,1,Tanah,Diam,,Ditemukan di tebing
Kalimantan Barat,Gunung Raya,2-Sep-23,GR-BP,VES,Aquatic,Night,-,"RM, SEP, ABD",19:38,Chalcorana raniceps,Species,-,Ranidae,Amphibians,Frogs,,,0,1,Daun,Diam,,
Kalimantan Barat,Gunung Raya,2-Sep-23,GR-BP,VES,Aquatic,Night,-,"RM, SEP, ABD",19:39,Polypedates macrotis,Species,-,Rhacophoridae,Amphibians,Frogs,,,4,2,Ranting,Diam,,
Kalimantan Barat,Gunung Raya,2-Sep-23,GR-BP,VES,Aquatic,Night,-,"RM, SEP, ABD",19:44,Chalcorana raniceps,Species,-,Ranidae,Amphibians,Frogs,,,2,2,Daun,Diam,,
Kalimantan Barat,Gunung Raya,2-Sep-23,GR-BP,VES,Aquatic,Night,-,"RM, SEP, ABD",19:44,Polypedates macrotis,Species,-,Rhacophoridae,Amphibians,Frogs,7.3,,6,2,Daun,Diam,,
Kalimantan Barat,Gunung Raya,2-Sep-23,GR-BP,VES,Aquatic,Night,-,"RM, SEP, ABD",19:45,Xenochrophis trianguligerus,Species,-,Colubridae,Reptiles,Snakes,,,0,1.5,Tanah,Diam,,Ditemukan di tebing
Kalimantan Barat,Gunung Raya,2-Sep-23,GR-BP,VES,Aquatic,Night,-,"RM, SEP, ABD",19:53,Limnonectes kuhlii,Species,-,Dicroglossidae,Amphibians,Frogs,4.2,,1,1,Tanah,Diam,,Ditemukan di tebing
Kalimantan Barat,Gunung Raya,2-Sep-23,GR-BP,VES,Aquatic,Night,-,"RM, SEP, ABD",19:53,Limnonectes kuhlii,Species,-,Dicroglossidae,Amphibians,Frogs,3.2,,1,1,Tanah,Diam,,
Kalimantan Barat,Gunung Raya,2-Sep-23,GR-BP,VES,Aquatic,Night,-,"RM, SEP, ABD",19:53,Chalcorana raniceps,Species,-,Ranidae,Amphibians,Frogs,2.9,,2,1,Daun,Diam,,
Kalimantan Barat,Gunung Raya,2-Sep-23,GR-BP,VES,Aquatic,Night,-,"RM, SEP, ABD",19:59,Odorrana hosii,Species,-,Ranidae,Amphibians,Frogs,,,,,Batu,Diam,,Ditemukan Jarian
Kalimantan Barat,Gunung Raya,2-Sep-23,GR-BP,VES,Aquatic,Night,-,"RM, SEP, ABD",19:55,Chalcorana raniceps,Species,-,Ranidae,Amphibians,Frogs,3.1,,1,1,Daun,Diam,,
Kalimantan Barat,Gunung Raya,2-Sep-23,GR-BP,VES,Aquatic,Night,-,"RM, SEP, ABD",20:01,Pulchrana picturata,Species,-,Ranidae,Amphibians,Frogs,4.2,,2,1,Ranting,Diam,,
Kalimantan Barat,Gunung Raya,2-Sep-23,GR-BP,VES,Aquatic,Night,-,"RM, SEP, ABD",20:06,Pulchrana picturata,Species,-,Ranidae,Amphibians,Frogs,4.1,,1,1,Batu,Diam,,
Kalimantan Barat,Gunung Raya,2-Sep-23,GR-BP,VES,Aquatic,Night,-,"RM, SEP, ABD",20:16,Limnonectes ingeri,Species,-,Dicroglossidae,Amphibians,Frogs,7.8,,1,0,Pasir,Diam,,
Kalimantan Barat,Gunung Raya,2-Sep-23,GR-BP,VES,Aquatic,Night,-,"RM, SEP, ABD",20:16,Limnonectes ingeri,Species,-,Dicroglossidae,Amphibians,Frogs,7.2,,1,0,Pasir,Diam,,
Kalimantan Barat,Gunung Raya,2-Sep-23,GR-BP,VES,Aquatic,Night,-,"RM, SEP, ABD",20:16,Limnonectes ingeri,Species,-,Dicroglossidae,Amphibians,Frogs,6.7,,1,0,Pasir,Diam,,
Kalimantan Barat,Gunung Raya,2-Sep-23,GR-BP,VES,Aquatic,Night,-,"RM, SEP, ABD",20:16,Limnonectes ingeri,Species,-,Dicroglossidae,Amphibians,Frogs,6.5,,1,0,Pasir,Diam,,
Kalimantan Barat,Gunung Raya,2-Sep-23,GR-BP,VES,Aquatic,Night,-,"RM, SEP, ABD",20:16,Limnonectes ingeri,Species,-,Dicroglossidae,Amphibians,Frogs,5.8,,1,0,Pasir,Diam,,
Kalimantan Barat,Gunung Raya,2-Sep-23,GR-BP,VES,Aquatic,Night,-,"RM, SEP, ABD",20:19,Pulchrana baramica,Species,-,Ranidae,Amphibians,Frogs,,,1,1,Ranting,Diam,,
Kalimantan Barat,Gunung Raya,2-Sep-23,GR-BP,VES,Aquatic,Night,-,"RM, SEP, ABD",20:20,Polypedates macrotis,Species,-,Rhacophoridae,Amphibians,Frogs,,,4,2,Ranting,Diam,,
Kalimantan Barat,Gunung Raya,2-Sep-23,GR-BP,VES,Aquatic,Night,-,"RM, SEP, ABD",20:23,Chalcorana raniceps,Species,-,Ranidae,Amphibians,Frogs,,,1,1,Daun,Diam,,
Kalimantan Barat,Gunung Raya,2-Sep-23,GR-BP,VES,Aquatic,Night,-,"RM, SEP, ABD",20:25,Limnonectes kuhlii,Species,-,Dicroglossidae,Amphibians,Frogs,,,1,0,Serasah,Diam,,
Kalimantan Barat,Gunung Raya,2-Sep-23,GR-BP,VES,Aquatic,Night,-,"RM, SEP, ABD",20:27,Pelobatrachus nasutus,Species,-,Megophryidae,Amphibians,Frogs,,,4,0,Batu,Diam,,
Kalimantan Barat,Gunung Raya,2-Sep-23,GR-BP,VES,Aquatic,Night,-,"RM, SEP, ABD",20:34,Leptolalax gracilis,Species,-,Megophryidae,Amphibians,Frogs,,,1,0,Kayu tumbang,Diam,,Katak masih berekor
Kalimantan Barat,Gunung Raya,2-Sep-23,GR-BP,VES,Aquatic,Night,-,"RM, SEP, ABD",20:38,Chalcorana raniceps,Species,-,Ranidae,Amphibians,Frogs,,,1,1,Daun,Diam,,
Kalimantan Barat,Gunung Raya,2-Sep-23,GR-BP,VES,Aquatic,Night,-,"RM, SEP, ABD",20:38,Chalcorana raniceps,Species,-,Ranidae,Amphibians,Frogs,,,1,1,Daun,Diam,,
Kalimantan Barat,Gunung Raya,2-Sep-23,GR-BP,VES,Aquatic,Night,-,"RM, SEP, ABD",20:38,Chalcorana raniceps,Species,-,Ranidae,Amphibians,Frogs,,,1,1,Daun,Diam,,
Kalimantan Barat,Gunung Raya,2-Sep-23,GR-BP,VES,Aquatic,Night,-,"RM, SEP, ABD",20:38,Chalcorana raniceps,Species,-,Ranidae,Amphibians,Frogs,,,1,1,Daun,Diam,,
Kalimantan Barat,Gunung Raya,2-Sep-23,GR-BP,VES,Aquatic,Night,-,"RM, SEP, ABD",20:44,Limnonectes kuhlii,Species,-,Dicroglossidae,Amphibians,Frogs,,,1,0,Serasah,Diam,,
Kalimantan Barat,Gunung Raya,2-Sep-23,GR-BP,VES,Aquatic,Night,-,"RM, SEP, ABD",20:46,Tropidophorus mocquardii,Species,-,Scincidae,Reptiles,Saurias,,,1,1,Daun,Diam,,
Kalimantan Barat,Gunung Raya,4-Sep-23,GR-BL,VES,Aquatic,Night,-,"RM, SEP, SDQ",19:30,Gonocephalus grandis,Species,-,Agamidae,Reptiles,Saurias,,,3,2,Ranting,Diam,,
Kalimantan Barat,Gunung Raya,4-Sep-23,GR-BL,VES,Aquatic,Day,-,"RM, SEP, ABD",11:42,Leptomantis cyanopunctatus,Species,-,Rhacophoridae,Amphibians,Frogs,,,1,0,Akar,Lompat,,Tidak tertangkap
Kalimantan Barat,Gunung Raya,4-Sep-23,GR-BL,VES,Aquatic,Night,-,"RM, SEP, SDQ",18:10,Chalcorana raniceps,Species,-,Ranidae,Amphibians,Frogs,,,1,1,Daun,Diam,,
Kalimantan Barat,Gunung Raya,4-Sep-23,GR-BL,VES,Aquatic,Night,-,"RM, SEP, SDQ",18:12,Pulchrana picturata,Species,-,Ranidae,Amphibians,Frogs,,,0,1,Batu,Bersuara,,
Kalimantan Barat,Gunung Raya,4-Sep-23,GR-BL,VES,Aquatic,Night,-,"RM, SEP, SDQ",18:13,Phrynoidis asper,Species,-,Bufonidae,Amphibians,Frogs,11.1,,0,1,Tanah,Bersuara,,
Kalimantan Barat,Gunung Raya,4-Sep-23,GR-BL,VES,Aquatic,Night,-,"RM, SEP, SDQ",18:13,Phrynoidis asper,Species,-,Bufonidae,Amphibians,Frogs,10.2,,0,1,Tanah,Bersuara,,
Kalimantan Barat,Gunung Raya,4-Sep-23,GR-BL,VES,Aquatic,Night,-,"RM, SEP, SDQ",18:13,Phrynoidis asper,Species,-,Bufonidae,Amphibians,Frogs,10.8,,0,1,Tanah,Bersuara,,
Kalimantan Barat,Gunung Raya,4-Sep-23,GR-BL,VES,Aquatic,Night,-,"RM, SEP, SDQ",18:13,Phrynoidis asper,Species,-,Bufonidae,Amphibians,Frogs,10.7,,0,1,Tanah,Bersuara,,
Kalimantan Barat,Gunung Raya,4-Sep-23,GR-BL,VES,Aquatic,Night,-,"RM, SEP, SDQ",18:14,Pulchrana picturata,Species,-,Ranidae,Amphibians,Frogs,,,1,1,Ranting,Diam,,
Kalimantan Barat,Gunung Raya,4-Sep-23,GR-BL,VES,Aquatic,Night,-,"RM, SEP, SDQ",18:19,Chalcorana raniceps,Species,-,Ranidae,Amphibians,Frogs,,,1,1,Daun,Diam,,
Kalimantan Barat,Gunung Raya,4-Sep-23,GR-BL,VES,Aquatic,Night,-,"RM, SEP, SDQ",18:20,Hylarana erythraea,Species,-,Ranidae,Amphibians,Frogs,,,0,0,Kayu tumbang,Diam,,
Kalimantan Barat,Gunung Raya,4-Sep-23,GR-BL,VES,Aquatic,Night,-,"RM, SEP, SDQ",18:23,Chalcorana raniceps,Species,-,Ranidae,Amphibians,Frogs,,,0,0,Kayu tumbang,Diam,,
Kalimantan Barat,Gunung Raya,4-Sep-23,GR-BL,VES,Aquatic,Night,-,"RM, SEP, SDQ",18:24,Chalcorana raniceps,Species,-,Ranidae,Amphibians,Frogs,,,1,1,Ranting,Diam,,
Kalimantan Barat,Gunung Raya,4-Sep-23,GR-BL,VES,Aquatic,Night,-,"RM, SEP, SDQ",18:26,Phrynoidis asper,Species,-,Bufonidae,Amphibians,Frogs,,,0,1,Tanah,Diam,,
Kalimantan Barat,Gunung Raya,4-Sep-23,GR-BL,VES,Aquatic,Night,-,"RM, SEP, SDQ",18:27,Chalcorana raniceps,Species,-,Ranidae,Amphibians,Frogs,,,0,1,Batu,Diam,,
Kalimantan Barat,Gunung Raya,4-Sep-23,GR-BL,VES,Aquatic,Night,-,"RM, SEP, SDQ",18:27,Chalcorana raniceps,Species,-,Ranidae,Amphibians,Frogs,,,0,1,Batu,Diam,,
Kalimantan Barat,Gunung Raya,4-Sep-23,GR-BL,VES,Aquatic,Night,-,"RM, SEP, SDQ",18:30,Pulchrana picturata,Species,-,Ranidae,Amphibians,Frogs,,,1,1,Ranting,Diam,,
Kalimantan Barat,Gunung Raya,4-Sep-23,GR-BL,VES,Aquatic,Night,-,"RM, SEP, SDQ",18:30,Pulchrana picturata,Species,-,Ranidae,Amphibians,Frogs,,,1,1,Ranting,Diam,,
Kalimantan Barat,Gunung Raya,4-Sep-23,GR-BL,VES,Aquatic,Night,-,"RM, SEP, SDQ",18:31,Limnonectes kuhlii,Species,-,Dicroglossidae,Amphibians,Frogs,,,1,0,Serasah,Diam,,
Kalimantan Barat,Gunung Raya,4-Sep-23,GR-BL,VES,Aquatic,Night,-,"RM, SEP, SDQ",18:37,Limnonectes leporinus,Species,-,Dicroglossidae,Amphibians,Frogs,,,2,0,Serasah,Diam,,
Kalimantan Barat,Gunung Raya,4-Sep-23,GR-BL,VES,Aquatic,Night,-,"RM, SEP, SDQ",18:37,Limnonectes leporinus,Species,-,Dicroglossidae,Amphibians,Frogs,,,2,0,Serasah,Diam,,
Kalimantan Barat,Gunung Raya,4-Sep-23,GR-BL,VES,Aquatic,Night,-,"RM, SEP, SDQ",18:39,Phrynoidis asper,Species,-,Bufonidae,Amphibians,Frogs,,,0,1,Tanah,Diam,,
Kalimantan Barat,Gunung Raya,4-Sep-23,GR-BL,VES,Aquatic,Night,-,"RM, SEP, SDQ",18:39,Phrynoidis asper,Species,-,Bufonidae,Amphibians,Frogs,,,0,1,Tanah,Diam,,
Kalimantan Barat,Gunung Raya,4-Sep-23,GR-BL,VES,Aquatic,Night,-,"RM, SEP, SDQ",18:40,Polypedates macrotis,Species,-,Rhacophoridae,Amphibians,Frogs,,,5,2,Ranting,Diam,,
Kalimantan Barat,Gunung Raya,4-Sep-23,GR-BL,VES,Aquatic,Night,-,"RM, SEP, SDQ",18:44,Pulchrana picturata,Species,-,Ranidae,Amphibians,Frogs,,,1,1,Ranting,Diam,,
Kalimantan Barat,Gunung Raya,4-Sep-23,GR-BL,VES,Aquatic,Night,-,"RM, SEP, SDQ",18:45,Chalcorana megalonesa,Species,-,Ranidae,Amphibians,Frogs,4.6,,1,1,Daun,Diam,,
Kalimantan Barat,Gunung Raya,4-Sep-23,GR-BL,VES,Aquatic,Night,-,"RM, SEP, SDQ",18:45,Chalcorana megalonesa,Species,-,Ranidae,Amphibians,Frogs,4.4,,1,1,Daun,Diam,,
Kalimantan Barat,Gunung Raya,4-Sep-23,GR-BL,VES,Aquatic,Night,-,"RM, SEP, SDQ",18:45,Chalcorana raniceps,Species,-,Ranidae,Amphibians,Frogs,3.1,,1,1,Daun,Diam,,
Kalimantan Barat,Gunung Raya,4-Sep-23,GR-BL,VES,Aquatic,Night,-,"RM, SEP, SDQ",18:45,Chalcorana raniceps,Species,-,Ranidae,Amphibians,Frogs,2.8,,1,1,Daun,Diam,,
Kalimantan Barat,Gunung Raya,4-Sep-23,GR-BL,VES,Aquatic,Night,-,"RM, SEP, SDQ",18:45,Chalcorana raniceps,Species,-,Ranidae,Amphibians,Frogs,2.7,,1,1,Daun,Diam,,
Kalimantan Barat,Gunung Raya,4-Sep-23,GR-BL,VES,Aquatic,Night,-,"RM, SEP, SDQ",18:46,Staurois guttatus,Species,-,Ranidae,Amphibians,Frogs,3.4,,1,1,Daun,Diam,,
Kalimantan Barat,Gunung Raya,4-Sep-23,GR-BL,VES,Aquatic,Night,-,"RM, SEP, SDQ",18:46,Staurois guttatus,Species,-,Ranidae,Amphibians,Frogs,3.5,,1,1,Daun,Diam,,
Kalimantan Barat,Gunung Raya,4-Sep-23,GR-BL,VES,Aquatic,Night,-,"RM, SEP, SDQ",18:55,Chalcorana megalonesa,Species,-,Ranidae,Amphibians,Frogs,5.1,,2,1,Daun,Diam,,
Kalimantan Barat,Gunung Raya,4-Sep-23,GR-BL,VES,Aquatic,Night,-,"RM, SEP, SDQ",18:56,Polypedates macrotis,Species,-,Rhacophoridae,Amphibians,Frogs,7.12,,3,2,Ranting,Diam,,
Kalimantan Barat,Gunung Raya,4-Sep-23,GR-BL,VES,Aquatic,Night,-,"RM, SEP, SDQ",19:00,Staurois guttatus,Species,-,Ranidae,Amphibians,Frogs,,,1,1,Daun,Diam,,
Kalimantan Barat,Gunung Raya,4-Sep-23,GR-BL,VES,Aquatic,Night,-,"RM, SEP, SDQ",19:00,Staurois guttatus,Species,-,Ranidae,Amphibians,Frogs,,,1,1,Daun,Diam,,
Kalimantan Barat,Gunung Raya,4-Sep-23,GR-BL,VES,Aquatic,Night,-,"RM, SEP, SDQ",19:00,Staurois guttatus,Species,-,Ranidae,Amphibians,Frogs,,,1,1,Daun,Diam,,
Kalimantan Barat,Gunung Raya,4-Sep-23,GR-BL,VES,Aquatic,Night,-,"RM, SEP, SDQ",19:00,Chalcorana raniceps,Species,-,Ranidae,Amphibians,Frogs,,,1,1,Daun,Diam,,
Kalimantan Barat,Gunung Raya,4-Sep-23,GR-BL,VES,Aquatic,Night,-,"RM, SEP, SDQ",19:04,Polypedates macrotis,Species,-,Rhacophoridae,Amphibians,Frogs,,,1,3,Ranting,Diam,,
Kalimantan Barat,Gunung Raya,4-Sep-23,GR-BL,VES,Aquatic,Night,-,"RM, SEP, SDQ",19:05,Leptomantis fasciatus,Species,-,Rhacophoridae,Amphibians,Frogs,3.97,,2,1,Daun,Diam,,
Kalimantan Barat,Gunung Raya,4-Sep-23,GR-BL,VES,Aquatic,Night,-,"RM, SEP, SDQ",19:15,Hylarana erythraea,Species,-,Ranidae,Amphibians,Frogs,,,1,1,Akar,Diam,,
Kalimantan Barat,Gunung Raya,4-Sep-23,GR-BL,VES,Aquatic,Night,-,"RM, SEP, SDQ",19:19,Phrynoidis asper,Species,-,Bufonidae,Amphibians,Frogs,,,1,1,Kayu tumbang,Diam,,
Kalimantan Barat,Gunung Raya,4-Sep-23,GR-BL,VES,Aquatic,Night,-,"RM, SEP, SDQ",19:30,Ansonia spinulifer,Species,-,Bufonidae,Amphibians,Frogs,,,3,1,Daun,Diam,,
Kalimantan Barat,Gunung Raya,4-Sep-23,GR-BL,VES,Aquatic,Night,-,"RM, SEP, SDQ",19:36,Nyctixalus pictus,Species,-,Rhacophoridae,Amphibians,Frogs,,,1,1,Daun,Diam,,
Kalimantan Barat,Gunung Raya,4-Sep-23,GR-BL,VES,Aquatic,Night,-,"RM, SEP, SDQ",19:45,Chalcorana raniceps,Species,-,Ranidae,Amphibians,Frogs,,,2,1,Daun,Diam,,
Kalimantan Barat,Gunung Raya,4-Sep-23,GR-BL,VES,Aquatic,Night,-,"RM, SEP, SDQ",19:45,Pulchrana picturata,Species,-,Ranidae,Amphibians,Frogs,,,2,1,Ranting,Diam,,
Kalimantan Barat,Gunung Raya,4-Sep-23,GR-BL,VES,Aquatic,Night,-,"RM, SEP, SDQ",19:51,Polypedates macrotis,Species,-,Rhacophoridae,Amphibians,Frogs,,,1,3,Ranting,Diam,,
Kalimantan Barat,Gunung Raya,4-Sep-23,GR-BL,VES,Aquatic,Night,-,"RM, SEP, SDQ",19:53,Leptobrachium abbotti,Species,-,Megophryidae,Amphibians,Frogs,,,1,1,Pasir,Diam,,
Kalimantan Barat,Gunung Raya,4-Sep-23,GR-BL,VES,Aquatic,Night,-,"RM, SEP, SDQ",19:56,Rhabdophis conspicillatus,Species,-,Colubridae,Reptiles,Snakes,,,1,1,Serasah,Diam,,
Kalimantan Barat,Gunung Raya,4-Sep-23,GR-BL,VES,Aquatic,Night,-,"RM, SEP, SDQ",20:23,Dendrelaphis formosus,Species,-,Colubridae,Reptiles,Snakes,,,1,3,Daun,Diam,,Anakan
Kalimantan Barat,Gunung Raya,4-Sep-23,GR-BL,VES,Aquatic,Night,-,"RM, SEP, SDQ",20:29,Limnonectes ingeri,Species,-,Dicroglossidae,Amphibians,Frogs,,,1,0,Pasir,Diam,,
Kalimantan Barat,Gunung Raya,4-Sep-23,GR-BL,VES,Aquatic,Night,-,"RM, SEP, SDQ",19:10,Tropidophorus brookei,Species,-,Scincidae,Reptiles,Saurias,,,0,0,Batu,Diam,,
Kalimantan Barat,Gunung Raya,4-Sep-23,GR-BL,VES,Aquatic,Night,-,"RM, SEP, SDQ",19:15,Tropidophorus mocquardii,Species,-,Scincidae,Reptiles,Saurias,,,1,0,Batu,Diam,,
Kalimantan Barat,Gunung Raya,4-Sep-23,GR-BL,VES,Aquatic,Night,-,"RM, SEP, SDQ",20:39,Hylarana erythraea,Species,-,Ranidae,Amphibians,Frogs,,,1,1,Akar,Diam,,
Kalimantan Barat,Gunung Raya,4-Sep-23,GR-BL,VES,Aquatic,Night,-,"RM, SEP, SDQ",20:50,Dendrelaphis formosus,Species,-,Colubridae,Reptiles,Snakes,,,3,2,Ranting,Diam,,
Kalimantan Barat,Gunung Raya,4-Sep-23,GR-BL,VES,Aquatic,Night,-,"RM, SEP, SDQ",21:01,Pulchrana baramica,Species,-,Ranidae,Amphibians,Frogs,,,1,1,Batu,Diam,,
Kalimantan Barat,Gunung Raya,4-Sep-23,GR-BL,VES,Aquatic,Night,-,"RM, SEP, SDQ",19:39,Gonocephalus grandis,Species,-,Agamidae,Reptiles,Saurias,,,2,3,Ranting,Tidur,,
Kalimantan Barat,Gunung Raya,7-Sep-23,GR-BL,VES,Aquatic,Night,-,"RM, SEP, SDQ",18:53,Gonocephalus grandis,Species,-,Agamidae,Reptiles,Saurias,,,4,1.5,Ranting,Diam,,
Kalimantan Barat,Gunung Raya,7-Sep-23,GR-BL,VES,Aquatic,Night,-,"RM, SEP, SDQ",21:08,Gonocephalus grandis,Species,-,Agamidae,Reptiles,Saurias,,,5,2,Ranting,Diam,,
Kalimantan Barat,Gunung Raya,7-Sep-23,GR-BL,VES,Aquatic,Night,-,"RM, SEP, SDQ",18:22,Gonocephalus doriae,Species,-,Agamidae,Reptiles,Saurias,,,1,1,Ranting,Diam,,
Kalimantan Barat,Gunung Raya,7-Sep-23,GR-BL,VES,Aquatic,Night,-,"RM, SEP, SDQ",18:23,Cyrtodactylus marmoratus,Species,-,Gekkonidae,Reptiles,Geckoes,,,1,3,Batang,Diam,,
Kalimantan Barat,Gunung Raya,7-Sep-23,GR-BL,VES,Aquatic,Night,-,"RM, SEP, SDQ",18:30,Chalcorana raniceps,Species,-,Ranidae,Amphibians,Frogs,,,2,1,Daun,Diam,,
Kalimantan Barat,Gunung Raya,7-Sep-23,GR-BL,VES,Aquatic,Night,-,"RM, SEP, SDQ",18:31,Limnonectes leporinus,Species,-,Dicroglossidae,Amphibians,Frogs,,,1,0,Serasah,Diam,,
Kalimantan Barat,Gunung Raya,7-Sep-23,GR-BL,VES,Aquatic,Night,-,"RM, SEP, SDQ",18:34,Chalcorana raniceps,Species,-,Ranidae,Amphibians,Frogs,,,1,1,Batu,Diam,,
Kalimantan Barat,Gunung Raya,7-Sep-23,GR-BL,VES,Aquatic,Night,-,"RM, SEP, SDQ",18:34,Psammodynastes pictus,Species,-,Pseudaspididae,Reptiles,Snakes,,,3,1,Daun,Diam,,
Kalimantan Barat,Gunung Raya,7-Sep-23,GR-BL,VES,Aquatic,Night,-,"RM, SEP, SDQ",18:39,Chalcorana megalonesa,Species,-,Ranidae,Amphibians,Frogs,,,2,1,Daun,Diam,,
Kalimantan Barat,Gunung Raya,7-Sep-23,GR-BL,VES,Aquatic,Night,-,"RM, SEP, SDQ",18:39,Pulchrana baramica,Species,-,Ranidae,Amphibians,Frogs,,,3,1,Batu,Diam,,
Kalimantan Barat,Gunung Raya,7-Sep-23,GR-BL,VES,Aquatic,Night,-,"RM, SEP, SDQ",18:39,Phrynoidis asper,Species,-,Bufonidae,Amphibians,Frogs,,,1,1,Batu,Diam,,
Kalimantan Barat,Gunung Raya,7-Sep-23,GR-BL,VES,Aquatic,Night,-,"RM, SEP, SDQ",18:50,Chalcorana megalonesa,Species,-,Ranidae,Amphibians,Frogs,,,1,1,Daun,Diam,,
Kalimantan Barat,Gunung Raya,7-Sep-23,GR-BL,VES,Aquatic,Night,-,"RM, SEP, SDQ",19:03,Limnonectes ingeri,Species,-,Dicroglossidae,Amphibians,Frogs,,,2,0,Serasah,Diam,,
Kalimantan Barat,Gunung Raya,7-Sep-23,GR-BL,VES,Aquatic,Night,-,"RM, SEP, SDQ",19:11,Chalcorana raniceps,Species,-,Ranidae,Amphibians,Frogs,,,1,1,Daun,Diam,,
Kalimantan Barat,Gunung Raya,7-Sep-23,GR-BL,VES,Aquatic,Night,-,"RM, SEP, SDQ",19:17,Chalcorana raniceps,Species,-,Ranidae,Amphibians,Frogs,,,2,1,Daun,Diam,,
Kalimantan Barat,Gunung Raya,7-Sep-23,GR-BL,VES,Aquatic,Night,-,"RM, SEP, SDQ",19:20,Chalcorana megalonesa,Species,-,Ranidae,Amphibians,Frogs,,,2,2,Daun,Diam,,
Kalimantan Barat,Gunung Raya,7-Sep-23,GR-BL,VES,Aquatic,Night,-,"RM, SEP, SDQ",19:20,Chalcorana megalonesa,Species,-,Ranidae,Amphibians,Frogs,,,2,1,Daun,Diam,,
Kalimantan Barat,Gunung Raya,7-Sep-23,GR-BL,VES,Aquatic,Night,-,"RM, SEP, SDQ",19:21,Chalcorana raniceps,Species,-,Ranidae,Amphibians,Frogs,,,2,1,Daun,Diam,,
Kalimantan Barat,Gunung Raya,7-Sep-23,GR-BL,VES,Aquatic,Night,-,"RM, SEP, SDQ",19:27,Chalcorana raniceps,Species,-,Ranidae,Amphibians,Frogs,,,1,1,Daun,Diam,,
Kalimantan Barat,Gunung Raya,7-Sep-23,GR-BL,VES,Aquatic,Night,-,"RM, SEP, SDQ",19:29,Polypedates macrotis,Species,-,Rhacophoridae,Amphibians,Frogs,,,3,2,Ranting,Diam,,
Kalimantan Barat,Gunung Raya,7-Sep-23,GR-BL,VES,Aquatic,Night,-,"RM, SEP, SDQ",19:29,Pulchrana picturata,Species,-,Ranidae,Amphibians,Frogs,,,2,0,Serasah,Kawin,,
Kalimantan Barat,Gunung Raya,7-Sep-23,GR-BL,VES,Aquatic,Night,-,"RM, SEP, SDQ",19:29,Pulchrana picturata,Species,-,Ranidae,Amphibians,Frogs,,,2,0,Serasah,Kawin,,
Kalimantan Barat,Gunung Raya,7-Sep-23,GR-BL,VES,Aquatic,Night,-,"RM, SEP, SDQ",19:30,Limnonectes leporinus,Species,-,Dicroglossidae,Amphibians,Frogs,,,2,0,Serasah,Diam,,
Kalimantan Barat,Gunung Raya,7-Sep-23,GR-BL,VES,Aquatic,Night,-,"RM, SEP, SDQ",19:31,Chalcorana megalonesa,Species,-,Ranidae,Amphibians,Frogs,,,1,1,Daun,Diam,,
Kalimantan Barat,Gunung Raya,7-Sep-23,GR-BL,VES,Aquatic,Night,-,"RM, SEP, SDQ",19:38,Chalcorana raniceps,Species,-,Ranidae,Amphibians,Frogs,,,0,1,Batu,Diam,,
Kalimantan Barat,Gunung Raya,7-Sep-23,GR-BL,VES,Aquatic,Night,-,"RM, SEP, SDQ",19:39,Chalcorana raniceps,Species,-,Ranidae,Amphibians,Frogs,,,0,1,Batu,Diam,,
Kalimantan Barat,Gunung Raya,7-Sep-23,GR-BL,VES,Aquatic,Night,-,"RM, SEP, SDQ",19:39,Chalcorana raniceps,Species,-,Ranidae,Amphibians,Frogs,,,0,1,Batu,Diam,,
Kalimantan Barat,Gunung Raya,7-Sep-23,GR-BL,VES,Aquatic,Night,-,"RM, SEP, SDQ",19:41,Staurois guttatus,Species,-,Ranidae,Amphibians,Frogs,,,0,1,Daun,Diam,,
Kalimantan Barat,Gunung Raya,7-Sep-23,GR-BL,VES,Aquatic,Night,-,"RM, SEP, SDQ",19:41,Chalcorana raniceps,Species,-,Ranidae,Amphibians,Frogs,,,0,1,Daun,Diam,,
Kalimantan Barat,Gunung Raya,7-Sep-23,GR-BL,VES,Aquatic,Night,-,"RM, SEP, SDQ",19:46,Tropidolaemus subannulatus,Species,-,Viperidae,Reptiles,Snakes,,,2,2,Ranting,Diam,,
Kalimantan Barat,Gunung Raya,7-Sep-23,GR-BL,VES,Aquatic,Night,-,"RM, SEP, SDQ",19:48,Chalcorana megalonesa,Species,-,Ranidae,Amphibians,Frogs,,,1,1,Batu,Diam,,
Kalimantan Barat,Gunung Raya,7-Sep-23,GR-BL,VES,Aquatic,Night,-,"RM, SEP, SDQ",19:55,Chalcorana raniceps,Species,-,Ranidae,Amphibians,Frogs,,,1,1,Daun,Diam,,
Kalimantan Barat,Gunung Raya,7-Sep-23,GR-BL,VES,Aquatic,Night,-,"RM, SEP, SDQ",19:57,Limnonectes leporinus,Species,-,Dicroglossidae,Amphibians,Frogs,,,2,1,Serasah,Diam,,
Kalimantan Barat,Gunung Raya,7-Sep-23,GR-BL,VES,Aquatic,Night,-,"RM, SEP, SDQ",20:04,Pulchrana picturata,Species,-,Ranidae,Amphibians,Frogs,,,1,1,Ranting,Diam,,
Kalimantan Barat,Gunung Raya,7-Sep-23,GR-BL,VES,Aquatic,Night,-,"RM, SEP, SDQ",20:06,Pulchrana picturata,Species,-,Ranidae,Amphibians,Frogs,,,1,1,Ranting,Diam,,
Kalimantan Barat,Gunung Raya,7-Sep-23,GR-BL,VES,Aquatic,Night,-,"RM, SEP, SDQ",20:09,Cyrtodactylus sp,Species,-,Gekkonidae,Reptiles,Geckoes,,,2,2,Batang,Bergerak,,
Kalimantan Barat,Gunung Raya,7-Sep-23,GR-BL,VES,Aquatic,Night,-,"RM, SEP, SDQ",20:14,Pulchrana picturata,Species,-,Ranidae,Amphibians,Frogs,,,1,1,Ranting,Diam,,
Kalimantan Barat,Gunung Raya,7-Sep-23,GR-BL,VES,Aquatic,Night,-,"RM, SEP, SDQ",20:19,Limnonectes kuhlii,Species,-,Dicroglossidae,Amphibians,Frogs,,,1,1,Serasah,Diam,,
Kalimantan Barat,Gunung Raya,7-Sep-23,GR-BL,VES,Aquatic,Night,-,"RM, SEP, SDQ",20:20,Chalcorana raniceps,Species,-,Ranidae,Amphibians,Frogs,,,1,1,Daun,Diam,,
Kalimantan Barat,Gunung Raya,7-Sep-23,GR-BL,VES,Aquatic,Night,-,"RM, SEP, SDQ",20:25,Pulchrana picturata,Species,-,Ranidae,Amphibians,Frogs,,,2,1,Akar,Diam,,
Kalimantan Barat,Gunung Raya,7-Sep-23,GR-BL,VES,Aquatic,Night,-,"RM, SEP, SDQ",20:27,Polypedates macrotis,Species,-,Rhacophoridae,Amphibians,Frogs,,,3,2,Ranting,Diam,,
Kalimantan Barat,Gunung Raya,7-Sep-23,GR-BL,VES,Aquatic,Night,-,"RM, SEP, SDQ",20:36,Limnonectes kuhlii,Species,-,Dicroglossidae,Amphibians,Frogs,,,1,0,Serasah,Diam,,
Kalimantan Barat,Gunung Raya,7-Sep-23,GR-BL,VES,Aquatic,Night,-,"RM, SEP, SDQ",20:41,Hylarana erythraea,Species,-,Ranidae,Amphibians,Frogs,,,1,1,Kayu tumbang,Diam,,
Kalimantan Barat,Gunung Raya,7-Sep-23,GR-BL,VES,Aquatic,Night,-,"RM, SEP, SDQ",21:02,Limnonectes kuhlii,Species,-,Dicroglossidae,Amphibians,Frogs,,,2,0,Pasir,Diam,,
Kalimantan Barat,Gunung Raya,7-Sep-23,GR-BL,VES,Aquatic,Night,-,"RM, SEP, SDQ",21:18,Staurois guttatus,Species,-,Ranidae,Amphibians,Frogs,,,2,1,Daun,Diam,,
Kalimantan Barat,Gunung Raya,7-Sep-23,GR-BL,VES,Aquatic,Night,-,"RM, SEP, SDQ",21:23,Staurois guttatus,Species,-,Ranidae,Amphibians,Frogs,,,1,1,Daun,Diam,,
Kalimantan Barat,Gunung Raya,7-Sep-23,GR-BL,VES,Aquatic,Night,-,"RM, SEP, SDQ",21:23,Staurois guttatus,Species,-,Ranidae,Amphibians,Frogs,,,1,1,Daun,Diam,,
Kalimantan Barat,Gunung Raya,7-Sep-23,GR-BL,VES,Aquatic,Night,-,"RM, SEP, SDQ",21:23,Staurois guttatus,Species,-,Ranidae,Amphibians,Frogs,,,1,1,Daun,Diam,,
Kalimantan Barat,Gunung Raya,7-Sep-23,GR-BL,VES,Aquatic,Night,-,"RM, SEP, SDQ",21:31,Pulchrana picturata,Species,-,Ranidae,Amphibians,Frogs,,,1,1,Ranting,Diam,,
Kalimantan Barat,Gunung Raya,7-Sep-23,GR-BL,VES,Aquatic,Night,-,"RM, SEP, SDQ",20:04,Gonocephalus liogaster,Species,-,Agamidae,Reptiles,Saurias,,,5,2,Ranting,Tidur,,
Kalimantan Barat,Gunung Raya,7-Sep-23,GR-BL,VES,Aquatic,Night,-,"RM, SEP, SDQ",21:21,Gonocephalus grandis,Species,-,Agamidae,Reptiles,Saurias,,,2,2,Ranting,Diam,,
Kalimantan Barat,Gunung Raya,7-Sep-23,GR-BL,VES,Aquatic,Night,-,"RM, SEP, SDQ",18:26,Tropidophorus brookei,Species,-,Scincidae,Reptiles,Saurias,,,0,0,Batu,Diam,,
Kalimantan Barat,Gunung Raya,13-Sep-23,GR-SR,VES,Aquatic,Night,-,"RM, SEP, AMO",18:19,Tropidophorus brookei,Species,-,Scincidae,Reptiles,Saurias,,,1,1,Batu,Diam,,
Kalimantan Barat,Gunung Raya,13-Sep-23,GR-SR,VES,Aquatic,Night,-,"RM, SEP, AMO",19:56,Tropidophorus brookei,Species,-,Scincidae,Reptiles,Saurias,,,1,1,Batu,Diam,,
Kalimantan Barat,Gunung Raya,13-Sep-23,GR-SR,VES,Aquatic,Night,-,"RM, SEP, AMO",20:37,Tropidophorus brookei,Species,-,Scincidae,Reptiles,Saurias,,,1,1,Batu,Diam,,
Kalimantan Barat,Gunung Raya,13-Sep-23,GR-SR,VES,Aquatic,Night,-,"RM, SEP, AMO",20:37,Tropidophorus brookei,Species,-,Scincidae,Reptiles,Saurias,,,1,1,Batu,Diam,,
Kalimantan Barat,Gunung Raya,13-Sep-23,GR-SR,VES,Aquatic,Night,-,"RM, SEP, AMO",20:25,Gonocephalus grandis,Species,-,Agamidae,Reptiles,Saurias,,,1,2,Ranting,Diam,,
Kalimantan Barat,Gunung Raya,13-Sep-23,GR-SR,VES,Aquatic,Night,-,"RM, SEP, AMO",18:03,Chalcorana raniceps,Species,-,Ranidae,Amphibians,Frogs,,,1,1,Daun,Diam,,
Kalimantan Barat,Gunung Raya,13-Sep-23,GR-SR,VES,Aquatic,Night,-,"RM, SEP, AMO",18:09,Ansonia minuta,Species,-,Bufonidae,Amphibians,Frogs,,,0,1,Daun,Diam,,
Kalimantan Barat,Gunung Raya,13-Sep-23,GR-SR,VES,Aquatic,Night,-,"RM, SEP, AMO",18:11,Cyrtodactylus sp,Genus,-,Gekkonidae,Reptiles,Geckoes,,,1,3,Batang,Bergerak,,Tidak terfoto
Kalimantan Barat,Gunung Raya,13-Sep-23,GR-SR,VES,Aquatic,Night,-,"RM, SEP, AMO",18:11,Staurois guttatus,Species,-,Ranidae,Amphibians,Frogs,,,1,1,Daun,Diam,,
Kalimantan Barat,Gunung Raya,13-Sep-23,GR-SR,VES,Aquatic,Night,-,"RM, SEP, AMO",18:12,Limnonectes kuhlii,Species,-,Dicroglossidae,Amphibians,Frogs,,,1,0,Serasah,Diam,,
Kalimantan Barat,Gunung Raya,13-Sep-23,GR-SR,VES,Aquatic,Night,-,"RM, SEP, AMO",18:15,Meristogenys phaeomerus,Species,-,Ranidae,Amphibians,Frogs,,,1,1,Daun,Diam,,
Kalimantan Barat,Gunung Raya,13-Sep-23,GR-SR,VES,Aquatic,Night,-,"RM, SEP, AMO",18:16,Meristogenys phaeomerus,Species,-,Ranidae,Amphibians,Frogs,,,2,1,Daun,Diam,,
Kalimantan Barat,Gunung Raya,13-Sep-23,GR-SR,VES,Aquatic,Night,-,"RM, SEP, AMO",18:17,Limnonectes kuhlii,Species,-,Dicroglossidae,Amphibians,Frogs,,,2,0,Pasir,Diam,,
Kalimantan Barat,Gunung Raya,13-Sep-23,GR-SR,VES,Aquatic,Night,-,"RM, SEP, AMO",18:19,Gonocephalus bornensis,Species,-,Agamidae,Reptiles,Saurias,,,3,2,Ranting,Diam,,
Kalimantan Barat,Gunung Raya,13-Sep-23,GR-SR,VES,Aquatic,Night,-,"RM, SEP, AMO",18:20,Polypedates macrotis,Species,-,Rhacophoridae,Amphibians,Frogs,,,1,2,Ranting,Diam,,
Kalimantan Barat,Gunung Raya,13-Sep-23,GR-SR,VES,Aquatic,Night,-,"RM, SEP, AMO",18:22,Limnonectes kuhlii,Species,-,Dicroglossidae,Amphibians,Frogs,,,1,0,Serasah,Diam,,
Kalimantan Barat,Gunung Raya,13-Sep-23,GR-SR,VES,Aquatic,Night,-,"RM, SEP, AMO",18:27,Limnonectes ingeri,Species,-,Dicroglossidae,Amphibians,Frogs,,,4,0,Serasah,Diam,,
Kalimantan Barat,Gunung Raya,13-Sep-23,GR-SR,VES,Aquatic,Night,-,"RM, SEP, AMO",18:27,Staurois guttatus,Species,-,Ranidae,Amphibians,Frogs,,,1,1,Daun,Diam,,
Kalimantan Barat,Gunung Raya,13-Sep-23,GR-SR,VES,Aquatic,Night,-,"RM, SEP, AMO",18:33,Chalcorana raniceps,Species,-,Ranidae,Amphibians,Frogs,,,1,1,Daun,Diam,,
Kalimantan Barat,Gunung Raya,13-Sep-23,GR-SR,VES,Aquatic,Night,-,"RM, SEP, AMO",18:34,Chalcorana raniceps,Species,-,Ranidae,Amphibians,Frogs,,,1,1,Daun,Diam,,
Kalimantan Barat,Gunung Raya,13-Sep-23,GR-SR,VES,Aquatic,Night,-,"RM, SEP, AMO",18:35,Polypedates macrotis,Species,-,Rhacophoridae,Amphibians,Frogs,,,1,1,Daun,Diam,,
Kalimantan Barat,Gunung Raya,13-Sep-23,GR-SR,VES,Aquatic,Night,-,"RM, SEP, AMO",18:37,Polypedates macrotis,Species,-,Rhacophoridae,Amphibians,Frogs,,,1,2,Daun,Diam,,
Kalimantan Barat,Gunung Raya,13-Sep-23,GR-SR,VES,Aquatic,Night,-,"RM, SEP, AMO",18:39,Chalcorana raniceps,Species,-,Ranidae,Amphibians,Frogs,,,1,1,Daun,Diam,,
Kalimantan Barat,Gunung Raya,13-Sep-23,GR-SR,VES,Aquatic,Night,-,"RM, SEP, AMO",18:43,Staurois guttatus,Species,-,Ranidae,Amphibians,Frogs,,,1,1,Batu,Diam,,
Kalimantan Barat,Gunung Raya,13-Sep-23,GR-SR,VES,Aquatic,Night,-,"RM, SEP, AMO",18:44,Chalcorana megalonesa,Species,-,Ranidae,Amphibians,Frogs,,,2,1,Daun,Diam,,
Kalimantan Barat,Gunung Raya,13-Sep-23,GR-SR,VES,Aquatic,Night,-,"RM, SEP, AMO",18:49,Ansonia minuta,Species,-,Bufonidae,Amphibians,Frogs,,,0,1,Batu,Bersuara,,
Kalimantan Barat,Gunung Raya,13-Sep-23,GR-SR,VES,Aquatic,Night,-,"RM, SEP, AMO",18:50,Staurois guttatus,Species,-,Ranidae,Amphibians,Frogs,,,1,1,Daun,Diam,,
Kalimantan Barat,Gunung Raya,13-Sep-23,GR-SR,VES,Aquatic,Night,-,"RM, SEP, AMO",18:53,Ansonia minuta,Species,-,Bufonidae,Amphibians,Frogs,,,0,1,Daun,Diam,,
Kalimantan Barat,Gunung Raya,13-Sep-23,GR-SR,VES,Aquatic,Night,-,"RM, SEP, AMO",18:53,Meristogenys phaeomerus,Species,-,Ranidae,Amphibians,Frogs,,,2,1,Daun,Diam,,
Kalimantan Barat,Gunung Raya,13-Sep-23,GR-SR,VES,Aquatic,Night,-,"RM, SEP, AMO",19:04,Ansonia spinulifer,Species,-,Bufonidae,Amphibians,Frogs,,,1,1,Batu,Diam,,
Kalimantan Barat,Gunung Raya,13-Sep-23,GR-SR,VES,Aquatic,Night,-,"RM, SEP, AMO",19:05,Staurois guttatus,Species,-,Ranidae,Amphibians,Frogs,,,2,1,Daun,Diam,,
Kalimantan Barat,Gunung Raya,13-Sep-23,GR-SR,VES,Aquatic,Night,-,"RM, SEP, AMO",19:05,Staurois guttatus,Species,-,Ranidae,Amphibians,Frogs,,,2,1,Daun,Diam,,
Kalimantan Barat,Gunung Raya,13-Sep-23,GR-SR,VES,Aquatic,Night,-,"RM, SEP, AMO",19:05,Staurois guttatus,Species,-,Ranidae,Amphibians,Frogs,,,2,1,Daun,Diam,,
Kalimantan Barat,Gunung Raya,13-Sep-23,GR-SR,VES,Aquatic,Night,-,"RM, SEP, AMO",19:05,Staurois guttatus,Species,-,Ranidae,Amphibians,Frogs,,,2,1,Daun,Diam,,
Kalimantan Barat,Gunung Raya,13-Sep-23,GR-SR,VES,Aquatic,Night,-,"RM, SEP, AMO",19:05,Staurois guttatus,Species,-,Ranidae,Amphibians,Frogs,,,2,1,Daun,Diam,,
Kalimantan Barat,Gunung Raya,13-Sep-23,GR-SR,VES,Aquatic,Night,-,"RM, SEP, AMO",19:07,Meristogenys phaeomerus,Species,-,Ranidae,Amphibians,Frogs,,,2,1,Daun,Diam,,
Kalimantan Barat,Gunung Raya,13-Sep-23,GR-SR,VES,Aquatic,Night,-,"RM, SEP, AMO",19:07,Staurois guttatus,Species,-,Ranidae,Amphibians,Frogs,,,2,1,Daun,Diam,,
Kalimantan Barat,Gunung Raya,13-Sep-23,GR-SR,VES,Aquatic,Night,-,"RM, SEP, AMO",19:08,Limnonectes kuhlii,Species,-,Dicroglossidae,Amphibians,Frogs,,,2,0,Serasah,Diam,,
Kalimantan Barat,Gunung Raya,13-Sep-23,GR-SR,VES,Aquatic,Night,-,"RM, SEP, AMO",19:09,Meristogenys phaeomerus,Species,-,Ranidae,Amphibians,Frogs,,,1,1,Kayu tumbang,Diam,,
Kalimantan Barat,Gunung Raya,13-Sep-23,GR-SR,VES,Aquatic,Night,-,"RM, SEP, AMO",19:10,Ansonia spinulifer,Species,-,Bufonidae,Amphibians,Frogs,,,1,1,Batu,Diam,,
Kalimantan Barat,Gunung Raya,13-Sep-23,GR-SR,VES,Aquatic,Night,-,"RM, SEP, AMO",19:12,Ansonia spinulifer,Species,-,Bufonidae,Amphibians,Frogs,,,1,1,Batu,Diam,,
Kalimantan Barat,Gunung Raya,13-Sep-23,GR-SR,VES,Aquatic,Night,-,"RM, SEP, AMO",19:14,Limnonectes kuhlii,Species,-,Dicroglossidae,Amphibians,Frogs,,,3,1,Batu,Diam,,
Kalimantan Barat,Gunung Raya,13-Sep-23,GR-SR,VES,Aquatic,Night,-,"RM, SEP, AMO",19:14,Limnonectes kuhlii,Species,-,Dicroglossidae,Amphibians,Frogs,,,3,1,Batu,Diam,,
Kalimantan Barat,Gunung Raya,13-Sep-23,GR-SR,VES,Aquatic,Night,-,"RM, SEP, AMO",19:14,Meristogenys phaeomerus,Species,-,Ranidae,Amphibians,Frogs,,,3,1,Batu,Diam,,
Kalimantan Barat,Gunung Raya,13-Sep-23,GR-SR,VES,Aquatic,Night,-,"RM, SEP, AMO",19:16,Staurois guttatus,Species,-,Ranidae,Amphibians,Frogs,,,1,1,Daun,Diam,,
Kalimantan Barat,Gunung Raya,13-Sep-23,GR-SR,VES,Aquatic,Night,-,"RM, SEP, AMO",19:17,Meristogenys phaeomerus,Species,-,Ranidae,Amphibians,Frogs,,,2,1,Akar,Diam,,
Kalimantan Barat,Gunung Raya,13-Sep-23,GR-SR,VES,Aquatic,Night,-,"RM, SEP, AMO",19:18,Limnonectes leporinus,Species,-,Dicroglossidae,Amphibians,Frogs,,,3,1,Tanah,Diam,,
Kalimantan Barat,Gunung Raya,13-Sep-23,GR-SR,VES,Aquatic,Night,-,"RM, SEP, AMO",19:19,Staurois guttatus,Species,-,Ranidae,Amphibians,Frogs,,,2,1,Daun,Diam,,
Kalimantan Barat,Gunung Raya,13-Sep-23,GR-SR,VES,Aquatic,Night,-,"RM, SEP, AMO",19:28,Leptomantis malkmusi,Species,-,Rhacophoridae,Amphibians,Frogs,3.67,,0,3,Ranting,Diam,,
Kalimantan Barat,Gunung Raya,13-Sep-23,GR-SR,VES,Aquatic,Night,-,"RM, SEP, AMO",19:30,Limnonectes ingeri,Species,-,Dicroglossidae,Amphibians,Frogs,,,3,0,Serasah,Diam,,
Kalimantan Barat,Gunung Raya,13-Sep-23,GR-SR,VES,Aquatic,Night,-,"RM, SEP, AMO",19:35,Limnonectes kuhlii,Species,-,Dicroglossidae,Amphibians,Frogs,,,1,0,Serasah,Diam,,
Kalimantan Barat,Gunung Raya,13-Sep-23,GR-SR,VES,Aquatic,Night,-,"RM, SEP, AMO",19:37,Ansonia minuta,Species,-,Bufonidae,Amphibians,Frogs,,,1,1,Batu,Diam,,
Kalimantan Barat,Gunung Raya,13-Sep-23,GR-SR,VES,Aquatic,Night,-,"RM, SEP, AMO",19:40,Staurois guttatus,Species,-,Ranidae,Amphibians,Frogs,,,1,1,Daun,Diam,,
Kalimantan Barat,Gunung Raya,13-Sep-23,GR-SR,VES,Aquatic,Night,-,"RM, SEP, AMO",19:51,Ansonia minuta,Species,-,Bufonidae,Amphibians,Frogs,,,0,1,Batu,Diam,,
Kalimantan Barat,Gunung Raya,13-Sep-23,GR-SR,VES,Aquatic,Night,-,"RM, SEP, AMO",19:51,Ansonia minuta,Species,-,Bufonidae,Amphibians,Frogs,,,0,1,Batu,Diam,,
Kalimantan Barat,Gunung Raya,13-Sep-23,GR-SR,VES,Aquatic,Night,-,"RM, SEP, AMO",20:01,Chalcorana raniceps,Species,-,Ranidae,Amphibians,Frogs,,,2,1,Daun,Diam,,
Kalimantan Barat,Gunung Raya,13-Sep-23,GR-SR,VES,Aquatic,Night,-,"RM, SEP, AMO",20:01,Chalcorana raniceps,Species,-,Ranidae,Amphibians,Frogs,,,2,1,Daun,Diam,,
Kalimantan Barat,Gunung Raya,13-Sep-23,GR-SR,VES,Aquatic,Night,-,"RM, SEP, AMO",20:04,Chalcorana raniceps,Species,-,Ranidae,Amphibians,Frogs,,,1,1,Daun,Diam,,
Kalimantan Barat,Gunung Raya,13-Sep-23,GR-SR,VES,Aquatic,Night,-,"RM, SEP, AMO",20:20,Ansonia minuta,Species,-,Bufonidae,Amphibians,Frogs,,,1,1,Batu,Diam,,
Kalimantan Barat,Gunung Raya,13-Sep-23,GR-SR,VES,Aquatic,Night,-,"RM, SEP, AMO",20:37,Ansonia minuta,Species,-,Bufonidae,Amphibians,Frogs,,,0,1,Batu,Diam,,
Kalimantan Barat,Gunung Raya,13-Sep-23,GR-SR,VES,Aquatic,Night,-,"RM, SEP, AMO",20:37,Ansonia minuta,Species,-,Bufonidae,Amphibians,Frogs,,,0,1,Batu,Diam,,
Kalimantan Barat,Gunung Raya,13-Sep-23,GR-SR,VES,Aquatic,Night,-,"RM, SEP, AMO",20:37,Ansonia minuta,Species,-,Bufonidae,Amphibians,Frogs,,,0,1,Batu,Diam,,
Kalimantan Barat,Gunung Raya,13-Sep-23,GR-SR,VES,Aquatic,Night,-,"RM, SEP, AMO",20:37,Ansonia spinulifer,Species,-,Bufonidae,Amphibians,Frogs,,,0,1,Batu,Diam,,
Kalimantan Barat,Gunung Raya,13-Sep-23,GR-SR,VES,Aquatic,Night,-,"RM, SEP, AMO",20:40,Ansonia spinulifer,Species,-,Bufonidae,Amphibians,Frogs,,,0,1.5,Batu,Diam,,
Kalimantan Barat,Gunung Raya,13-Sep-23,GR-SR,VES,Aquatic,Night,-,"RM, SEP, AMO",20:40,Psammodynastes pictus,Species,-,Pseudaspididae,Reptiles,Snakes,,,2,1,Daun,Diam,,
Kalimantan Barat,Gunung Raya,13-Sep-23,GR-SR,VES,Aquatic,Night,-,"RM, SEP, AMO",20:40,Ansonia spinulifer,Species,-,Bufonidae,Amphibians,Frogs,,,2,1,Daun,Diam,,
Kalimantan Barat,Gunung Raya,13-Sep-23,GR-SR,VES,Aquatic,Night,-,"RM, SEP, AMO",20:51,Ansonia minuta,Species,-,Bufonidae,Amphibians,Frogs,,,1,1,Batu,Diam,,
Kalimantan Barat,Gunung Raya,13-Sep-23,GR-SR,VES,Aquatic,Night,-,"RM, SEP, AMO",20:51,Limnonectes leporinus,Species,-,Dicroglossidae,Amphibians,Frogs,,,1,0,Serasah,Diam,,
Kalimantan Barat,Gunung Raya,13-Sep-23,GR-SR,VES,Aquatic,Night,-,"RM, SEP, AMO",21:16,Staurois guttatus,Species,-,Ranidae,Amphibians,Frogs,,,1,1,Batu,Diam,,
Kalimantan Barat,Gunung Raya,13-Sep-23,GR-SR,VES,Aquatic,Night,-,"RM, SEP, AMO",21:20,Limnonectes leporinus,Species,-,Dicroglossidae,Amphibians,Frogs,,,2,0,Serasah,Diam,,
Kalimantan Barat,Gunung Raya,13-Sep-23,GR-SR,VES,Aquatic,Night,-,"RM, SEP, AMO",21:29,Leptobrachium abbotti,Species,-,Megophryidae,Amphibians,Frogs,,,2,0,Kayu tumbang,Diam,,
Kalimantan Barat,Gunung Raya,13-Sep-23,GR-SR,VES,Aquatic,Night,-,"RM, SEP, AMO",21:40,Limnonectes kuhlii,Species,-,Dicroglossidae,Amphibians,Frogs,,,3,0,Serasah,Diam,,
Kalimantan Barat,Gunung Raya,13-Sep-23,GR-SR,VES,Aquatic,Night,-,"RM, SEP, AMO",21:45,Staurois guttatus,Species,-,Ranidae,Amphibians,Frogs,,,2,1,Daun,Diam,,
Kalimantan Barat,Gunung Raya,13-Sep-23,GR-SR,VES,Aquatic,Night,-,"RM, SEP, AMO",21:50,Polypedates otilophus,Species,-,Rhacophoridae,Amphibians,Frogs,7.45,,,,,,,Ditemukan Tim Mamalia
Kalimantan Barat,Gunung Raya,13-Sep-23,GR-SR,VES,Aquatic,Night,-,"RM, SEP, AMO",18:01,Tropidophorus mocquardii,Species,-,Scincidae,Reptiles,Saurias,,,1,0,Batu,Diam,,
Kalimantan Barat,Gunung Raya,14-Sep-23,GR-SR,VES,Aquatic,Night,-,"RM, SEP, AMO",20:08,Gonocephalus grandis,Species,-,Agamidae,Reptiles,Saurias,,,1,2,Ranting,Tidur,,
Kalimantan Barat,Gunung Raya,14-Sep-23,GR-SR,VES,Aquatic,Night,-,"RM, SEP, AMO",20:08,Gonocephalus grandis,Species,-,Agamidae,Reptiles,Saurias,,,1,2,Ranting,Tidur,,
Kalimantan Barat,Gunung Raya,14-Sep-23,GR-SR,VES,Aquatic,Night,-,"RM, SEP, AMO",22:32,Gonocephalus grandis,Species,-,Agamidae,Reptiles,Saurias,,,4,1,Ranting,Diam,,
Kalimantan Barat,Gunung Raya,14-Sep-23,GR-SR,VES,Aquatic,Night,-,"RM, SEP, AMO",20:05,Meristogenys phaeomerus,Species,-,Ranidae,Amphibians,Frogs,,,2,1,Daun,Diam,,
Kalimantan Barat,Gunung Raya,14-Sep-23,GR-SR,VES,Aquatic,Night,-,"RM, SEP, AMO",20:09,Ahaetulla mycterizans,Species,-,Colubridae,Reptiles,Snakes,,,3,2,Ranting,Diam,,
Kalimantan Barat,Gunung Raya,14-Sep-23,GR-SR,VES,Aquatic,Night,-,"RM, SEP, AMO",20:20,Limnonectes kuhlii,Species,-,Dicroglossidae,Amphibians,Frogs,,,3,0,Serasah,Diam,,
Kalimantan Barat,Gunung Raya,14-Sep-23,GR-SR,VES,Aquatic,Night,-,"RM, SEP, AMO",20:25,Meristogenys phaeomerus,Species,-,Ranidae,Amphibians,Frogs,,,3,1,Daun,Diam,,
Kalimantan Barat,Gunung Raya,14-Sep-23,GR-SR,VES,Aquatic,Night,-,"RM, SEP, AMO",20:26,Staurois guttatus,Species,-,Ranidae,Amphibians,Frogs,,,2,1,Daun,Diam,,
Kalimantan Barat,Gunung Raya,14-Sep-23,GR-SR,VES,Aquatic,Night,-,"RM, SEP, AMO",20:33,Staurois guttatus,Species,-,Ranidae,Amphibians,Frogs,,,1,1,Daun,Diam,,
Kalimantan Barat,Gunung Raya,14-Sep-23,GR-SR,VES,Aquatic,Night,-,"RM, SEP, AMO",20:34,Limnonectes kuhlii,Species,-,Dicroglossidae,Amphibians,Frogs,,,1,0,Serasah,Diam,,
Kalimantan Barat,Gunung Raya,14-Sep-23,GR-SR,VES,Aquatic,Night,-,"RM, SEP, AMO",20:36,Polypedates macrotis,Species,-,Rhacophoridae,Amphibians,Frogs,,,2,2,Ranting,Diam,,
Kalimantan Barat,Gunung Raya,14-Sep-23,GR-SR,VES,Aquatic,Night,-,"RM, SEP, AMO",20:36,Polypedates macrotis,Species,-,Rhacophoridae,Amphibians,Frogs,,,2,2,Ranting,Diam,,
Kalimantan Barat,Gunung Raya,14-Sep-23,GR-SR,VES,Aquatic,Night,-,"RM, SEP, AMO",20:37,Polypedates macrotis,Species,-,Rhacophoridae,Amphibians,Frogs,,,3,2,Ranting,Diam,,
Kalimantan Barat,Gunung Raya,14-Sep-23,GR-SR,VES,Aquatic,Night,-,"RM, SEP, AMO",20:38,Limnonectes kuhlii,Species,-,Dicroglossidae,Amphibians,Frogs,,,1,0,Pasir,Diam,,
Kalimantan Barat,Gunung Raya,14-Sep-23,GR-SR,VES,Aquatic,Night,-,"RM, SEP, AMO",20:40,Phrynoidis asper,Species,-,Bufonidae,Amphibians,Frogs,,,2,1,Batu,Diam,,
Kalimantan Barat,Gunung Raya,14-Sep-23,GR-SR,VES,Aquatic,Night,-,"RM, SEP, AMO",20:28,Gonocephalus grandis,Species,-,Agamidae,Reptiles,Saurias,,,1,2,Ranting,Diam,,
Kalimantan Barat,Gunung Raya,14-Sep-23,GR-SR,VES,Aquatic,Night,-,"RM, SEP, AMO",20:46,Chalcorana raniceps,Species,-,Ranidae,Amphibians,Frogs,,,1,1,Daun,Diam,,
Kalimantan Barat,Gunung Raya,14-Sep-23,GR-SR,VES,Aquatic,Night,-,"RM, SEP, AMO",20:47,Chalcorana raniceps,Species,-,Ranidae,Amphibians,Frogs,,,1,1,Daun,Diam,,
Kalimantan Barat,Gunung Raya,14-Sep-23,GR-SR,VES,Aquatic,Night,-,"RM, SEP, AMO",20:48,Staurois guttatus,Species,-,Ranidae,Amphibians,Frogs,,,1,1,Daun,Diam,,
Kalimantan Barat,Gunung Raya,14-Sep-23,GR-SR,VES,Aquatic,Night,-,"RM, SEP, AMO",20:54,Cyrtodactylus sp,Genus,-,Gekkonidae,Reptiles,Geckoes,,,4,2,Batang,Bergerak,,
Kalimantan Barat,Gunung Raya,14-Sep-23,GR-SR,VES,Aquatic,Night,-,"RM, SEP, AMO",21:04,Leptolalax gracilis,Species,-,Megophryidae,Amphibians,Frogs,,,0,0,Kayu tumbang,Diam,,Katak berekor
Kalimantan Barat,Gunung Raya,14-Sep-23,GR-SR,VES,Aquatic,Night,-,"RM, SEP, AMO",21:05,Polypedates macrotis,Species,-,Rhacophoridae,Amphibians,Frogs,,,2,2,Ranting,Diam,,
Kalimantan Barat,Gunung Raya,14-Sep-23,GR-SR,VES,Aquatic,Night,-,"RM, SEP, AMO",21:07,Chalcorana raniceps,Species,-,Ranidae,Amphibians,Frogs,,,1,1,Daun,Diam,,
Kalimantan Barat,Gunung Raya,14-Sep-23,GR-SR,VES,Aquatic,Night,-,"RM, SEP, AMO",21:08,Tropidophorus mocquardii,Species,-,Scincidae,Reptiles,Saurias,,,0,1,Batu,Diam,,
Kalimantan Barat,Gunung Raya,14-Sep-23,GR-SR,VES,Aquatic,Night,-,"RM, SEP, AMO",21:09,Polypedates macrotis,Species,-,Rhacophoridae,Amphibians,Frogs,,,1,2,Ranting,Diam,,
Kalimantan Barat,Gunung Raya,14-Sep-23,GR-SR,VES,Aquatic,Night,-,"RM, SEP, AMO",21:12,Chalcorana megalonesa,Species,-,Ranidae,Amphibians,Frogs,,,1,1,Daun,Diam,,
Kalimantan Barat,Gunung Raya,14-Sep-23,GR-SR,VES,Aquatic,Night,-,"RM, SEP, AMO",21:12,Limnonectes kuhlii,Species,-,Dicroglossidae,Amphibians,Frogs,,,3,0,Serasah,Diam,,
Kalimantan Barat,Gunung Raya,14-Sep-23,GR-SR,VES,Aquatic,Night,-,"RM, SEP, AMO",21:14,Chalcorana raniceps,Species,-,Ranidae,Amphibians,Frogs,,,2,1,Daun,Diam,,
Kalimantan Barat,Gunung Raya,14-Sep-23,GR-SR,VES,Aquatic,Night,-,"RM, SEP, AMO",21:15,Staurois guttatus,Species,-,Ranidae,Amphibians,Frogs,,,2,1,Daun,Diam,,
Kalimantan Barat,Gunung Raya,14-Sep-23,GR-SR,VES,Aquatic,Night,-,"RM, SEP, AMO",21:39,Limnonectes leporinus,Species,-,Dicroglossidae,Amphibians,Frogs,,,4,0,Tanah,Diam,,
Kalimantan Barat,Gunung Raya,14-Sep-23,GR-SR,VES,Aquatic,Night,-,"RM, SEP, AMO",21:44,Polypedates macrotis,Species,-,Rhacophoridae,Amphibians,Frogs,,,2,2,Ranting,Diam,,
Kalimantan Barat,Gunung Raya,14-Sep-23,GR-SR,VES,Aquatic,Night,-,"RM, SEP, AMO",21:45,Polypedates macrotis,Species,-,Rhacophoridae,Amphibians,Frogs,,,3,2,Ranting,Diam,,
Kalimantan Barat,Gunung Raya,14-Sep-23,GR-SR,VES,Aquatic,Night,-,"RM, SEP, AMO",21:46,Polypedates macrotis,Species,-,Rhacophoridae,Amphibians,Frogs,,,3,2,Ranting,Diam,,
Kalimantan Barat,Gunung Raya,14-Sep-23,GR-SR,VES,Aquatic,Night,-,"RM, SEP, AMO",21:49,Staurois guttatus,Species,-,Ranidae,Amphibians,Frogs,,,3,1,Ranting,Diam,,
Kalimantan Barat,Gunung Raya,14-Sep-23,GR-SR,VES,Aquatic,Night,-,"RM, SEP, AMO",22:04,Ansonia minuta,Species,-,Bufonidae,Amphibians,Frogs,,,4,1,Daun,Diam,,
Kalimantan Barat,Gunung Raya,14-Sep-23,GR-SR,VES,Aquatic,Night,-,"RM, SEP, AMO",22:06,Ansonia minuta,Species,-,Bufonidae,Amphibians,Frogs,,,3,1,Batu,Diam,,
Kalimantan Barat,Gunung Raya,14-Sep-23,GR-SR,VES,Aquatic,Night,-,"RM, SEP, AMO",22:13,Tropidophorus mocquardii,Species,-,Scincidae,Reptiles,Saurias,,,1,0,Batu,Diam,,
Kalimantan Barat,Gunung Raya,14-Sep-23,GR-SR,VES,Aquatic,Night,-,"RM, SEP, AMO",22:15,Limnonectes leporinus,Species,-,Dicroglossidae,Amphibians,Frogs,,,0,0,Batu,Diam,,
Kalimantan Barat,Gunung Raya,14-Sep-23,GR-SR,VES,Aquatic,Night,-,"RM, SEP, AMO",22:22,Philautus hosii,Species,-,Rhacophoridae,Amphibians,Frogs,3.67,,1,1.5,Daun,Diam,,
Kalimantan Barat,Gunung Raya,14-Sep-23,GR-SR,VES,Aquatic,Night,-,"RM, SEP, AMO",22:24,Phrynoidis asper,Species,-,Bufonidae,Amphibians,Frogs,,,2,1,Batu,Diam,,
Kalimantan Barat,Gunung Raya,14-Sep-23,GR-SR,VES,Aquatic,Night,-,"RM, SEP, AMO",22:30,Ansonia minuta,Species,-,Bufonidae,Amphibians,Frogs,,,1,1,Batu,Diam,,
Kalimantan Barat,Gunung Raya,14-Sep-23,GR-SR,VES,Aquatic,Night,-,"RM, SEP, AMO",22:31,Ansonia minuta,Species,-,Bufonidae,Amphibians,Frogs,,,1,1,Batu,Diam,,
Kalimantan Barat,Gunung Raya,14-Sep-23,GR-SR,VES,Aquatic,Night,-,"RM, SEP, AMO",20:45,Gonocephalus liogaster,Species,-,Agamidae,Reptiles,Saurias,,,1,2,Ranting,Diam,,
Kalimantan Barat,Gunung Raya,14-Sep-23,GR-SR,VES,Aquatic,Night,-,"RM, SEP, AMO",22:33,Meristogenys phaeomerus,Species,-,Ranidae,Amphibians,Frogs,,,1,1,Batu,Diam,,
Kalimantan Barat,Gunung Raya,14-Sep-23,GR-SR,VES,Aquatic,Night,-,"RM, SEP, AMO",22:33,Staurois guttatus,Species,-,Ranidae,Amphibians,Frogs,,,1,1,Batu,Diam,,
Kalimantan Barat,Gunung Raya,14-Sep-23,GR-SR,VES,Aquatic,Night,-,"RM, SEP, AMO",22:35,Ansonia minuta,Species,-,Bufonidae,Amphibians,Frogs,,,2,1,Daun,Diam,,
Kalimantan Barat,Gunung Raya,14-Sep-23,GR-SR,VES,Aquatic,Night,-,"RM, SEP, AMO",22:36,Staurois guttatus,Species,-,Ranidae,Amphibians,Frogs,,,2,1,Daun,Diam,,
Kalimantan Barat,Gunung Raya,14-Sep-23,GR-SR,VES,Aquatic,Night,-,"RM, SEP, AMO",22:53,Chalcorana megalonesa,Species,-,Ranidae,Amphibians,Frogs,,,2,2,Daun,Diam,,
Kalimantan Barat,Gunung Raya,14-Sep-23,GR-SR,VES,Aquatic,Night,-,"RM, SEP, AMO",22:55,Chalcorana raniceps,Species,-,Ranidae,Amphibians,Frogs,,,2,1,Daun,Diam,,
